album_id,category_id,title,sub_category
3534337,16,四千岁你莫要羞愧难当,
3786271,16,皮肤,
3852665,16,孟小冬专辑,
3998959,16,拍曲,
4742215,16,可见,
5089404,16,新概念英语青少版1A,
5344897,16,人生,
5765785,16,音乐,
6010117,16,有个性,
6549306,16,早发白帝城,
6994789,16,现代医学与营养学,
7292378,16,绕口令,
7323729,16,祖新,
7926717,16,心经,
9008627,16,汉月流芳,
9744504,16,薛调唱腔专辑,
9901777,16,全剧,
10459478,16,排练录音,
11022916,16,淮剧王清明投亲翟学凡,
11049893,16,高甲戏折子戏合集,
12033153,16,四平调陈三两,
12542080,16,楊麗花歌仔戲曲調選輯,
2680446,16,七里香,
3405985,16,的,
3556761,16,安景龙降香,
3572589,16,歌名,
3838285,16,舞蹈艺术走进咖啡厅,
4317323,16,真实的流量深度访问不过滤不降权推他她工作,
5181844,16,梦,
5696785,16,林俊杰,
5724870,16,瞎哼哼,
5903791,16,曲剧李元修,
7557635,16,清风轻云的的天空,
7628820,16,日诵,
7922445,16,试音,
8083303,16,会议记录,
9197716,16,在家呆疯了,
9368079,16,自言自语,
9745151,16,尤调唱腔专辑,
10648847,16,珠帘寨,
10648880,16,天官赐福,
10667528,16,宫门带十道本,
11022906,16,淮剧李三娘,
11166521,16,张家界花灯,
11481847,16,音乐,
11728590,16,化妆琴剧九姐大出嫁,
11868866,16,淮剧雷打忤逆子全剧,
12084263,16,唐山皮影戏岳飞传,
12322606,16,语音,
12326845,16,闽剧福州戏榕腔闽腔经典名段,
12399835,16,四明南词,
3392758,16,hhh,
3659200,16,一一,
4312831,16,cccc,
4549815,16,课件,
4702120,16,思博,
5247038,16,t,
5498217,16,读万卷书,
5862394,16,听歌给个赞,
6255268,16,萱编故事,
6928603,16,老虎学艺,
7118051,16,陈小鑫,
9175026,16,朗读,
9696147,16,就是个错误,
10191849,16,闲杂诗等,
10646262,16,秋江玉簪记,
10650259,16,平果顺源五金小丽莉,
10656825,16,眉户许爱英,
11241793,16,赵勇成专辑集,
11708863,16,潮剧白兔记范泽华,
11718178,16,小曲,
11728622,16,化妆琴剧飞龙传第五部血战桃樱口,
11728637,16,化妆琴剧飞龙传第三部皇宫绑御驾,
12084208,16,陕西华县皮影戏万福莲,
3271545,16,依竹湖畔,
3329567,16,曲艺,
4388223,16,去上学,
4473739,16,视唱,
4980709,16,李天,
5808583,16,断桥选段,
5999915,16,陈栢荣,
7149152,16,你好,
7220373,16,玉堂春大雪纷飞,
7328566,16,微笑,
7429604,16,传统文化,
9779988,16,湖南花鼓戏两家亲,
11727495,16,河南扬琴戏三子争父,
11728539,16,曲剧卷席筒后传,
11776778,16,桂剧经典,
11847863,16,教你说方言,
12083607,16,皮影戏定唐,
12222756,16,任剑辉白雪仙两个人的传奇,
12327316,16,福建闽剧四郎探母,
12389346,16,评话包公与狄青,
3526132,16,移風易俗戲曲歌舞思無邪,
3745142,16,test,
4044116,16,傷寒論,
4339982,16,蚕姑娘,
5002709,16,口口,
5219929,16,刘墉下南京,
5402196,16,小唱,
5467541,16,听雨轩清音桌第三辑,
5700520,16,孟丽君选段,
5932425,16,拼音拼读120161122,
6198797,16,古文转播,
6333720,16,刘晓明,
6358609,16,自己的小秘密,
6420238,16,个人阅读,
6691224,16,读元曲,
7322801,16,登幽州台歌,
9563605,16,第十八届中国戏剧梅花奖获得者苗文华,
10597578,16,山东梆子,
10673519,16,唐派二代传人叶华专辑,
11332200,16,草房子,
11727785,16,扬琴戏回龙传,
11889063,16,我唱的歌手,
12033178,16,四平调合集1,
12063457,16,芗剧春草闯堂,
12182890,16,李如麟曲調選輯,
12223549,16,淮剧名家名段高清,
3942389,16,戏曲,
4239179,16,梨园上党,
5182594,16,戏曲百花,
5224658,16,立哥,
5718222,16,曹操,
6156598,16,飞鸟集,
6423617,16,曲词,
6554529,16,诗歌朗诵,
6962143,16,强森强森的收藏,
7955115,16,OK健健康康,
9744608,16,小飞调唱腔专辑,
9881806,16,社主法论,
10647400,16,游龙戏凤,
11037083,16,锡剧经典唱段伴奏,
11037245,16,扬剧十把金扇子全剧,
11037296,16,扬剧三请樊梨花全剧,
11389147,16,葫芦丝,
12034589,16,曲剧汴京风云,
3845832,16,雅集,
5159498,16,听戏赏曲,
5412113,16,闺蜜面包余力军分享,
5520482,16,1534586497,
5793708,16,得道经,
5850538,16,古风韵,
6037306,16,戏说,
6140552,16,心,
7299510,16,卡几买,
7471871,16,1,
7710134,16,奇遇爱丽丝,
9401773,16,绕口令,
10636769,16,斩黄袍,
10643993,16,龙凤呈祥,
10667657,16,白蛇传金山寺雷峰塔,
10848387,16,唱腔赏析淮海戏名家名段,
11037108,16,锡剧经典唱段精选,
11437995,16,扬剧,
11776284,16,琼剧名家唱段,
12389352,16,评话大名府,
1666101,16,唱歌,
1964639,16,默认专辑,
4996589,16,清唱,
5630801,16,诗经,
5757483,16,习作,
5983937,16,愚公移山,
6219225,16,曲艺,
6697361,16,小神,
7563652,16,床前明月光,
7789868,16,追渔观灯,
8266695,16,什么尖尖尖上天,
8414252,16,郭,
8792098,16,李,
10667434,16,胭粉计七星灯,
11076440,16,自相矛盾,
11775790,16,川剧玉堂春,
3482706,16,图片,
4209162,16,深度访问流量不过滤不屏蔽真实流量淘宝人工IPwwwtuitatacom推他她,
4237005,16,主推款排名提升做爆款真实人工流量wwwtuitatacom推他她,
5597984,16,羊皮卷,
5748352,16,故事,
5831545,16,我,
5843373,16,康睿唱歌,
6462589,16,别听,
6706658,16,小曲,
7061160,16,生活,
8186421,16,七个小淘气,
8196528,16,心中的温暖,
8224692,16,散篇,
8368956,16,正面管教,
8515637,16,尹韵流芳,
8863942,16,京东大鼓,
8911377,16,南方曲艺,
9451052,16,于吱吱,
10636347,16,骂杨广南阳关,
10648290,16,未央宫斩韩信,
11022886,16,淮剧安寿保卖身,
11037076,16,锡剧孟丽君全剧,
11096453,16,故事狮子生病,
11408299,16,恩泽粤语歌瑶,
11585671,16,鲁西南念经,
11728618,16,淮海戏现代戏豆腐宴全剧,
11728874,16,化妆琴剧闹花灯,
11776725,16,高甲戏包拯蒙冤,
11870223,16,淮剧为儿为女,
12065345,16,闽剧春草闯堂,
12084239,16,唐山皮影戏二度梅,
12270772,16,即墨柳腔,
3501088,16,无人,
3995973,16,日常,
4970844,16,评话包公狸猫换太子顾宏伯,
5002710,16,口口,
5662033,16,读书看报,
5904543,16,河南太康道情蔡清芝,
6537845,16,母爱的速度,
7083687,16,希望之星,
7505908,16,第六章节作业,
8259882,16,给哆哆的,
9502672,16,台北街调改,
9623076,16,99999,
10636278,16,朱砂痣,
10648586,16,恶虎村,
10823454,16,霹靂,
10974181,16,锡剧倪同芳,
11022816,16,淮剧陈澄唱段欣赏,
11022962,16,淮剧双太子,
11034626,16,淮剧赵五娘魏玉宝,
11613829,16,中國淮海戲沭陽縣淮海劇團,
12270385,16,广西桂剧大全桂林桂剧全集,
2340530,16,常春藤易轩的默认专辑私密,
3565529,16,歌曲,
4347842,16,一剪梅,
5718911,16,路行者,
6321041,16,鬼畜,
7861669,16,今天我想慢吞吞,
10473955,16,金秀山唱片选,
10647047,16,辩雪评踪,
11034839,16,淮剧苦命的晚娘,
12083532,16,武汉汉剧四郎探母,
12084213,16,陕西华县皮影戏如意簪,
1806414,16,王的宠姬,
2512547,16,岚芷幽香vs戏曲,
4249726,16,每天两小时,
5215838,16,才加,
5414151,16,选择比努力更重要,
5602146,16,歇一会歌台,
5890866,16,唐诗,
6053636,16,鬼故事,
6056791,16,我,
6404563,16,创业实战圈10,
7263316,16,妞妞,
7552379,16,测试,
8280888,16,词曲,
8389194,16,朱子治家格言,
8595568,16,希奇真希奇,
8749687,16,瞎念的,
9564625,16,尤继舜京胡曲牌演奏,
10651025,16,清风亭天雷报,
10656758,16,闲聊,
11881708,16,锡剧双珠凤电影版全场戏,
12065436,16,莆仙戏穆桂英休夫,
12411487,16,潮汕小品潮语连续剧洪阿猫,
2701432,16,台台,
3328545,16,名家名段精选,
3491197,16,中国戏剧,
3608511,16,阿拉蕾,
3779142,16,戏剧,
4095633,16,老爸声,
4112119,16,快点,
4784069,16,莎莉的秘密,
5667531,16,宏兴卡盟宣传曲,
5683204,16,子曰,
6290291,16,爱是一场倾世烟火,
6376219,16,g,
6680676,16,喜欢,
9647009,16,北方曲艺边角拾遗,
9717492,16,异口同声各自歌华夏民族传统美声歌唱2500年,
9871340,16,唱歌快乐,
10651008,16,金水桥银屏公主,
10667755,16,春秋配,
11034809,16,淮剧都是赌钱惹的祸,
11037068,16,淮剧锡剧名家名段,
11119826,16,现代戏眉户梁秋燕,
11235162,16,一九八八年振兴杯淮海戏大奖赛,
11776623,16,高甲戏名家名段,
11964059,16,毛猛达沈荣海,
12084203,16,陕西弦板腔皮影戏专辑,
12084247,16,唐山皮影戏大金牌,
12362999,16,好玩儿的,
3715774,16,水浒传,
3971117,16,1,
4355853,16,秦明段子集,
4609995,16,殊,
5475330,16,Hugh,
5590606,16,薛倚哥唱腔专辑,
5723849,16,Dum,
5748357,16,故事,
5934913,16,师父资料,
6543723,16,千古绝唱,
6706901,16,作业,
7262417,16,微笑,
7369390,16,特好听的歌,
7422874,16,戏曲,
8001710,16,姥姥爱唱戏,
8337160,16,比较好,
9469360,16,中文桂普尬读,
9605137,16,董湘昆京东大鼓专辑,
10611998,16,好声音,
10648898,16,打金枝,
11034670,16,淮剧玉杯缘,
11037274,16,扬剧狸猫换太子全剧,
11530231,16,曲艺中国,
11728614,16,化妆琴剧飞龙传第六部佘赛花大破五光锤,
11775775,16,川剧王熙凤,
11776849,16,茂腔经典集锦,
12033393,16,丝弦合集1,
12065312,16,潮剧春草闯堂,
12065492,16,莆仙戏清风亭,
12084216,16,皮影戏白蛇传,
1972811,16,常常喜乐,
3829407,16,夏天的风,
3835615,16,保定老调转采,
4123240,16,古筝,
4342449,16,问路,
4963335,16,010101100101,
5283505,16,才艺展示13831142068qq1729688975微信q13831142068,
5601026,16,诗词歌赋,
6146030,16,草稿,
6171170,16,知白守黑,
6998766,16,打电话,
7719224,16,小票友,
7842513,16,一起来发呆,
8021873,16,彩虹色的花,
8024036,16,诗以作伴,
8191870,16,好的,
8239703,16,冀东三支花,
8239723,16,第七届中原戏迷擂台赛选手唱段赏析,
10036242,16,秋,
10123458,16,为爱而读,
10636840,16,桑园会,
10819054,16,水浒传,
11037288,16,扬剧皇后娘娘全剧,
12085387,16,杨丽花歌仔戏红楼梦,
12213171,16,保定老调精彩唱段保定老调梆子,
12576543,16,曲剧表演艺术家朱雪娟,
3606865,16,京劇,
3986909,16,刚好,
4177375,16,姥姥,
4324354,16,2016安全打造爆款不降权真实的流量推他她工作室,
4668958,16,你是人间的四月天,
4676734,16,戏曲,
4695735,16,脚好臭呀,
4752730,16,Ai,
4775610,16,言为心声,
4964182,16,cc,
5183425,16,转采,
5267546,16,默认专辑,
5486126,16,自己,
5528799,16,学唱,
5583839,16,静听竹林声,
6080356,16,刘洪元,
6265215,16,现代诗,
6560162,16,语言的魔力,
6623019,16,作业们,
6791227,16,快乐诵读,
7051124,16,自己的声音记录,
7320363,16,戏曲,
9688640,16,越里,
10167741,16,汪汪汪,
10596171,16,鼓曲,
11712516,16,曲剧卷席筒海连池,
11726670,16,琴书钓金龟,
11727326,16,徐州扬琴闹花灯,
11727791,16,扬琴戏海瑞传奇,
12084162,16,喀左皮影戏聚虎山,
12084187,16,唐山皮影戏封神榜,
12213403,16,淮海戏大唐女帅全剧,
337239,16,柳子戏曲牌唱腔欣赏,
3768644,16,偷探梨园,
3835376,16,琴书薛仁贵征东,
4023011,16,曾奕飞,
4078958,16,银木老,
4101439,16,Mozart,
4157880,16,艺术评论,
4460085,16,我有一个梦,
4778556,16,今天,
4881487,16,呵呵,
5472749,16,玩儿,
5572139,16,黄越之音,
5744017,16,海边故事,
5787583,16,丶,
6995569,16,1,
7702007,16,古筝,
7772435,16,金玉良缘,
9306752,16,喜马拉雅沈阳站AAA,
9744205,16,严调唱腔专辑,
10236087,16,乌盆记,
10472320,16,潮剧,
10648471,16,战长沙,
10655575,16,1,
10685609,16,小红戏如人生,
10927175,16,一起聊生物,
11034896,16,淮剧王华买爹,
11037136,16,扬剧罗帕记全剧,
11076448,16,自相矛盾,
11137034,16,宁波走书倭袍郭鹏飞老师演唱二胡师傅名字未知,
11776298,16,琼剧传统选段,
11869343,16,淮剧三个媳妇活埋婆婆,
12393013,16,淮海戲經典錄音珍藏數字館,
3475332,16,转采,
4092920,16,HideandSeek,
4145524,16,快,
4422094,16,推他她工作室淘宝快速安全爆款打造,
4442887,16,电动车推广,
4561082,16,淮河营,
5126559,16,炉石凤凰传,
5400880,16,record,
6072722,16,歌曲串烧,
6618414,16,123,
7788467,16,在,
8574917,16,Cyrus,
8805546,16,朗诵,
10644639,16,除三害,
10645706,16,秦琼卖马,
10666692,16,镇潭州,
11034869,16,淮剧半车老师,
11037251,16,扬剧莲子全剧,
11222612,16,筝艺园古筝,
11389148,16,葫芦丝,
11450609,16,北京琴书大师关学曾,
11633089,16,卓美,
3543920,16,我A361K,
3694680,16,英语打卡,
3887349,16,催催眠,
3914428,16,歌唱,
4019495,16,试音,
4039975,16,不可能不睡,
4099121,16,父亲和老弟的合奏,
4147742,16,戏曲,
4498494,16,自己玩,
5080453,16,空中马车,
5419004,16,来读点诗给你听,
5710306,16,欢乐,
6359221,16,1,
6370925,16,艺术创业论,
6733146,16,自监督,
6999929,16,默默讲故事,
7824165,16,金鱼儿,
9335185,16,新港戏曲网,
10291813,16,十方韵铛镲板,
10667622,16,柳荫记,
11034864,16,民间歌舞小曲民间小调经典安徽民间小调沂蒙小调等各地小曲小调,
11037260,16,扬剧梁山伯与祝英台,
11037308,16,扬剧珍珠塔全剧1,
11049697,16,梨园戏全剧,
11727803,16,扬琴戏刘金定下南唐,
12034632,16,曲剧呼延庆打擂,
12327085,16,福建闽剧包公嫁女,
12584356,16,第二届淮海戏大奖赛颁奖晚会录音,
3566318,16,唱片,
4296610,16,飞龙猫,
4686021,16,现代诗,
4833658,16,扬剧金运贵,
4833889,16,和你一起浪费时光,
4855217,16,失去的东西,
5691849,16,叶老师中国通史,
5814340,16,呵呵呵呵呵呵呵呵,
6103624,16,仙人掌上的刺还会长成成燕子成yue燕子吗,
6252653,16,一,
6466177,16,弦乐,
6629243,16,屁股,
6707732,16,安徽大鼓杨排风大闹北国,
7864302,16,锡剧个人专辑倪晓芳,
8047156,16,安化黑茶,
8888035,16,钢琴曲,
9242165,16,孤芳不自赏,
10667550,16,忠孝全,
11022758,16,淮剧窦娥冤,
11119854,16,现代戏眉户山妹,
11292505,16,淮海戏艺术片大唐女帅原声,
11396669,16,大曲小调,
11437931,16,闽剧穆桂英招亲,
12084259,16,唐山皮影戏松棚会,
12565465,16,淮海平原一枝花淮海戏唱腔艺术,
3766311,16,哈楼大家好,
4409122,16,000,
4888059,16,顺风,
4920836,16,练嗓子,
5414234,16,相声,
6567816,16,笑话,
8205557,16,歌,
9062848,16,试音专辑,
10647004,16,青石山,
10667309,16,莽牛阵战蒲关,
10726482,16,方亚芬唱段合集,
10850450,16,庞然的京胡演奏集,
11034827,16,淮剧二度梅,
11034878,16,淮剧梁祝,
11037318,16,扬剧情魂全剧,
11579032,16,蔣月泉誕辰百廿年演唱會東藝,
11728864,16,化妆琴剧李天宝吊孝,
11738273,16,折子戏,
11776411,16,琼剧女御医,
12034563,16,曲剧刘公案,
12065464,16,婺剧春草闯堂,
12083441,16,岳阳花鼓戏三子贵,
12083627,16,唐山皮影戏保龙山,
12084155,16,天沔皮影戏,
12542416,16,钢的,
3146953,16,崂山道士拾玉镯桑园寄子李陵碑击鼓骂曹时迁盗甲,
3650452,16,戏曲三打白骨精集锦,
3665222,16,草堂赏曲,
4034295,16,认证录音3条,
4174851,16,小曲儿,
4286341,16,雷雨,
4298546,16,名段欣赏,
4810387,16,Mamee,
5784376,16,分享,
6254691,16,Robert,
6473949,16,键盘乐,
7475403,16,我是孙德煜,
7679337,16,朗诵啦,
7830668,16,歌曲,
7902074,16,我,
8180495,16,格林童话,
8395341,16,十堂课,
9642875,16,楚辞,
9824095,16,大战葭萌关,
10648997,16,群英会借东风华容道,
11037239,16,扬剧弃官寻母全剧,
11728760,16,越调名段越调全场戏,
11776206,16,琼剧精选,
11902318,16,琼剧汉武之恋海南戏琼州剧,
12033307,16,宛梆汶江河,
12073329,16,小鸟小鸟闪闪的红星,
12190003,16,北京琴书,
3698757,16,无聊,
3862246,16,5oclock,
4144062,16,美琴美琴,
4379040,16,我喜欢听的戏曲,
4636321,16,英语,
4791805,16,泡妞书籍QQ群377698914,
5206429,16,小x小叉的没溜日常,
5507613,16,小梦晶晶,
5580095,16,听听,
6045772,16,关于她,
6082783,16,Biao,
7376215,16,诗歌朗诵,
7427252,16,Hi,
7569921,16,子路第十三1,
8000818,16,iug头发有一天传统和大鱼大肉的法则推特上,
8266413,16,齐齐哈尔市铁锋区人民小学四年三班石一然,
8359705,16,沁园春雪,
8550290,16,珍珠塔锡剧62版,
9745276,16,姚调唱腔专辑,
10070337,16,李慧,
10385670,16,陕南民歌花鼓子,
10647321,16,伐东吴连营寨白帝城,
10648964,16,一捧雪审头刺汤雪杯圆,
11047975,16,心随杨韵,
11119837,16,陕西眉户屠夫状元,
11241795,16,赵勇成专辑集,
11761725,16,哈姆雷特,
11776316,16,琼剧经典合集,
12083481,16,湖南花鼓戏严天明断案,
12084224,16,皮影戏连环计,
3303237,16,冒险家李植培,
3544067,16,大换频道中国歌舞剧精粹唱段,
3602036,16,钢琴练习曲,
3854965,16,3月12,
3983838,16,听雨轩1,
4359629,16,刺客,
4614705,16,琴声,
4673506,16,崑生,
5095427,16,转采小角落,
5112092,16,京戏,
5388817,16,全球企业家论坛,
5405502,16,绘本,
5702233,16,15,
5709355,16,故事拔苗助长,
6092843,16,诗歌,
7123377,16,考试100天计划,
7553803,16,冬不拉DJ,
7853781,16,愿睡个好觉,
8619819,16,野猪先生的对不起,
10008798,16,诗歌集,
10635992,16,龙凤阁大保国探皇陵二进宫,
11022619,16,淮剧名家名段合集,
11022931,16,淮剧龙凤英破门,
11037144,16,扬剧珍珠塔全剧,
12030280,16,婺剧全剧合集,
12256042,16,王少瑜潮剧唱腔,
3225230,16,云笑ING,
4592189,16,戏曲,
4838282,16,幼学琼林女子,
5866858,16,年底翻翻,
5895030,16,大鸡和蛇,
6556654,16,在,
6654652,16,电话费挂电话方法好吧不大估计,
6802642,16,默然,
6960402,16,看起来,
7774216,16,摸金派打斗1,
8205609,16,少年先锋队队歌,
8306171,16,心理营养系列微课,
9744342,16,侯调唱腔专辑,
10636451,16,击鼓骂曹,
10762232,16,山东琴书视频徐州琴书全集河南琴书网北京琴书武乡琴书,
11021826,16,淮剧经段唱段伴奏合集,
11022854,16,淮剧春草闯堂,
11034917,16,淮剧十五贯,
11049925,16,婺剧姐妹易嫁,
11728581,16,化妆琴剧响马传群雄战扬州,
12101691,16,曲剧杨乃武与小白菜原声精选,
12438593,16,合唱,
3976841,16,无伴奏心情,
4287403,16,123,
4294090,16,能量美文,
4384236,16,2016怎么刷无线手机端流量安全刷推他她真实的流量,
5397876,16,87,
5464420,16,tt,
5476104,16,我选我,
5709357,16,故事拔苗助长,
5911450,16,一脸懵逼,
6036489,16,嗯,
6178947,16,叶色戏剧,
6218968,16,啦,
6227068,16,刘杰篪将进酒,
7442254,16,小妖伊人,
7867689,16,音频,
7871048,16,元曲三百首,
9139795,16,北方曲艺老艺术家名段100曲,
10057926,16,王涛黑历史,
10291812,16,十方韵铛镲板,
10647511,16,法场换子举鼎观画,
10648827,16,乌龙院浔阳楼宋江题诗,
11022746,16,淮剧孟丽君,
11034383,16,淮剧深宫求子,
11049940,16,婺剧包公戏合集,
11076436,16,自相矛盾,
11234397,16,相声,
11727812,16,扬琴戏三枪定南唐,
11902921,16,琼剧孪生趣事98琼州剧,
11903528,16,泉州高甲戏唐知府审诰命,
12214704,16,陕北说书,
12390952,16,苏北民间小调集锦第六辑,
268422,16,老人唱戏机整本戏,
4677329,16,清唱,
4734402,16,戏曲名段欣赏,
5244421,16,小屁孩日记,
5899406,16,音乐,
6082428,16,焦,
6272401,16,酸的和甜的,
6730446,16,牛津树,
7102348,16,演员自我修养,
7360576,16,绕口令,
7517797,16,朗诵,
7969542,16,宝贝喆的点点滴滴,
9575045,16,my,
10407894,16,单弦,
10636868,16,红鬃烈马,
10648747,16,搜孤救孤,
10919065,16,各种民间小调专辑大全2,
11776791,16,桂剧刘三姐,
11868015,16,淮剧打金枝全场,
12034571,16,曲剧王宝钏,
12065404,16,多剧种合集春草闯堂,
12083556,16,湖南花鼓戏狸猫换太子,
12150328,16,小调,
12257839,16,乔盼永远的走西口专辑,
12374701,16,苏北民间小调集锦第一辑,
3948904,16,在看自己,
4560712,16,挺好听,
5257031,16,杜老师,
5373349,16,男11号配音师,
6387904,16,损失费对我说,
6454955,16,将考虑考虑推荐健健康康,
7121948,16,我想对你说,
7623830,16,簡愛,
7796477,16,朗诵,
7917536,16,哈哈,
8251799,16,试读,
8789516,16,叭叭叭,
8842264,16,啦啦啦,
10859426,16,骆玉笙1988年曲坛荟萃磁带,
11226150,16,歌曲,
11726709,16,琴书马踏河涧府孙秀英,
11737283,16,中子星录电台,
11776609,16,高甲戏名剧,
11776648,16,高甲戏五虎平西,
12472888,16,闽剧白扇记,
374987,16,诗歌,
2858572,16,录音,
3401556,16,命运,
3840299,16,发挥好,
4966490,16,这个,
5305266,16,公司和和你定期,
5365990,16,是亟待解决上课我胃口,
6200655,16,剧本,
6241171,16,销售,
6590095,16,隨便玩的,
6728263,16,戏曲小撷,
6791817,16,啦啦,
7919736,16,555555555,
7931991,16,东盟1961陕西榆林网站管理中心,
8335247,16,诗歌朗诵稿,
10635966,16,琼林宴问樵闹府打棍出箱,
10646954,16,三家店打登州,
10667348,16,骂毛延寿,
11034866,16,淮剧呆哥憨妹,
11103300,16,铁片大鼓专辑,
11332201,16,草房子,
11776189,16,琼剧刁蛮公主,
12083502,16,湖北汉剧,
12083587,16,潮剧狸猫换太子,
2117623,16,默认专辑,
3513382,16,兴火听戏,
3636074,16,生活,
4109868,16,智取威虎山,
4593963,16,神曲,
4966532,16,钢琴曲李,
5619883,16,果果,
6278549,16,TFBOYS大梦想家,
6670061,16,丞,
6814038,16,学唱曲儿,
7000729,16,貴妃醉酒夏華達,
7406000,16,解表劑,
8325167,16,ghgjhh,
9490588,16,水落石出,
9903059,16,中国好作业,
9954220,16,GCY,
10646416,16,胭脂宝褶,
11034909,16,淮剧为儿为女,
11043453,16,没有共产党就没有新中国,
11119829,16,原创眉户三亲家,
11218831,16,张家界阳戏,
11223432,16,吟诵,
11727304,16,太康道情经典唱段合集,
11727334,16,琴书空棺记,
12034644,16,曲剧陈三两,
12065440,16,婺剧穆桂英献宝,
12083524,16,湘剧月亮粑粑,
12084194,16,唐山皮影戏燕飞女侠,
3485599,16,我们的,
3501664,16,2016,
3537189,16,神话网络电话,
3815249,16,个人专辑,
4134120,16,啦啦啦,
4364493,16,朗诵,
4568655,16,音乐之声,
4867559,16,Tiger,
5419334,16,新型玻璃,
5526312,16,关于人生有是什么是我们必须要做的,
5569866,16,蔡郎别店表家乡,
6001140,16,咔咔咔,
6332311,16,女巫温妮,
6373936,16,晚宴,
6411878,16,中华国粹,
6867342,16,轻松一下,
7331218,16,喵,
7421531,16,王林皓的读书分享,
7809170,16,曲艺乱弹,
8414601,16,啦啦啦,
9627424,16,北方曲艺当代名家名段100曲,
10646841,16,让成都取成都,
10648094,16,哭祖庙,
11324866,16,绕口令,
11902330,16,琼剧恨深情长海南戏琼州剧,
12084268,16,唐山皮影戏镇冤塔,
12085397,16,杨丽花歌仔戏红尘奇英,
3162812,16,意林故事,
3995837,16,无标题,
4426613,16,test,
4486228,16,犇犇,
4691323,16,124,
5249489,16,党建,
5362632,16,徐敬东,
5400422,16,在,
5662625,16,不打不骂穷养男孩的100和细节,
5731961,16,戏曲现场,
6504294,16,利哥镜子,
7927678,16,CPA会计,
8060320,16,实况录音未发行,
9129283,16,吉他独奏,
9542998,16,我要打爆你的脑壳,
11022976,16,淮剧鸳鸯湖周雅一,
11119850,16,眉户三进士,
11775783,16,川剧铁笼山,
11775818,16,川剧中国公主杜兰朵,
12408860,16,闽剧灞陵伤别,
12422993,16,甬剧老唱片,
3801221,16,锦瑟无端五十弦,
4439991,16,弹琴,
4526698,16,8081绛帐高中同学聊聊天会,
4729894,16,红葫芦,
5348495,16,打嗝了,
5409624,16,潮剧唱段,
5467513,16,guy,
5761823,16,思埠分享课程,
5762797,16,a,
5763849,16,原创戏曲,
6352616,16,戏曲专辑,
6960403,16,看起来,
7357966,16,十万个为什么,
7868361,16,锡剧梅奇峰珍珠塔哭塔,
9372032,16,转采,
9744680,16,周调唱腔专辑,
9745236,16,小阳调唱腔专辑,
10636776,16,黄金台,
10685608,16,小红戏如人生,
10860480,16,骆玉笙演唱小集,
11226857,16,哈姆雷特,
11274790,16,五年级素读范本上册,
12033218,16,四平调合集3,
12327252,16,福建闽剧刘秀登基,
2434255,16,水中月喜爱的戏曲,
3614754,16,转载,
3781181,16,我的诗,
4142397,16,美琴,
4262360,16,小戏迷,
4736140,16,戏曲名段,
4919933,16,戏曲,
5518068,16,声律启蒙,
5701666,16,广播站,
6215869,16,小灰灰,
6541146,16,寓言,
6618694,16,刘贝,
6936407,16,第八课作业,
7275967,16,决定减肥减肥附加费如何才获得个人放入部分法规和微博参与,
8111223,16,天津,
10350304,16,湖南湘剧湘剧高腔湘剧名段,
10667044,16,宝莲灯,
11758088,16,我舞动我存在天天优律思美,
11776352,16,琼剧才子周文宾,
12030270,16,婺剧曲牌,
12083473,16,湖南花鼓戏天仙配,
12155819,16,刘阳河高音区有些不准,
12257568,16,云南滇剧大全,
12327204,16,福建闽剧和尚讨亲,
12409061,16,徽剧,
3334893,16,申凤梅,
3871039,16,我的收藏,
4549425,16,美丽的心情,
4695764,16,笑话,
4807434,16,戏曲,
5108871,16,2016,
5801424,16,是你给不,
6705092,16,曲艺,
6921015,16,诗歌,
7013922,16,启示录,
7857046,16,Yoga,
8215426,16,练就男儿胆,
9008476,16,麻烦昵称戏曲频道,
10067631,16,精美滴石头会唱歌,
10751405,16,莫定一歌曲,
10871415,16,拾遗,
10913888,16,各种民间小调专辑大全1,
11332202,16,草房子,
11476197,16,十一月绘本跟读,
11726757,16,闽剧福州戏闽腔榕腔名家名段,
11775826,16,川剧禹门关,
11776266,16,琼剧三看御妹,
11859031,16,唐美云,
12034581,16,曲剧小寡妇开店,
12084254,16,唐山皮影戏杨家将,
3483614,16,原创词作,
3630306,16,戏迷天地,
4324172,16,秘密与你相约,
4420611,16,告别童年,
5246904,16,j,
5537343,16,相声,
6558109,16,多米宝宝唱国粹,
7369449,16,无音乐不生活,
7704951,16,家里冷,
7978473,16,学校,
8139380,16,你真的想尽办法了吗,
9744395,16,张调唱腔专辑,
9744422,16,杨调唱腔专辑,
10574033,16,黄香莲歌仔戏宝贝王爷贵千金,
10648054,16,马前泼水,
10667079,16,骂阎罗胡迪骂阎,
10871500,16,单弦二十段,
11527203,16,再别康桥,
11727782,16,扬琴戏五女兴唐传,
11776238,16,琼剧春草闯堂,
11870187,16,淮剧十五贯,
12065441,16,闽剧穆桂英招亲,
12065511,16,芗剧罗衫奇案,
12083489,16,湖南花鼓戏醉打金枝,
12083542,16,扬剧世袭之家,
4745823,16,Oo,
5188630,16,转载,
5369119,16,幼儿画报,
5464808,16,庆国庆交响音乐,
5545114,16,预习,
6303277,16,看看,
7224005,16,上党梆子,
8367408,16,觉察分享,
10667377,16,蟠桃会八仙上寿,
10783219,16,扬剧专辑,
11034616,16,淮剧李翠莲,
11037379,16,花鼓戏唱段合集,
11049702,16,梨园戏苏秦,
11694580,16,川剧陈书舫柳荫记,
11775833,16,川剧貂蝉之死,
11776585,16,高甲戏大闹花府,
11870201,16,淮剧双太子,
12009476,16,点点练习,
12033386,16,丝弦七品村官,
12083459,16,淮北花鼓戏郑小娇,
12083546,16,扬剧孟丽君,
2169781,16,假相,
5084437,16,刘亚洲六年级上册单元单词,
6279208,16,大平调,
6306022,16,把我啊就可以,
6462021,16,曲艺,
6661476,16,戏曲国粹收藏,
6949599,16,闽剧三龙闹京都,
7544891,16,haha,
7812257,16,可怕的科学街上流行机器人,
7829661,16,台词,
8356039,16,你们好,
9744982,16,祁调唱腔专辑,
9897990,16,戏曲,
10646467,16,辕门斩子,
11083360,16,古诗,
11263337,16,戏曲杂唱,
11707494,16,自己说给自己听的外人不要听,
11725287,16,琴书杨家将之呼丕显诓印,
11918690,16,张家界阳戏原大庸阳戏,
12033192,16,四平调合集2,
12259166,16,王顺利金歌山曲专辑,
4249145,16,谈雅,
4705303,16,郭毅老师的访谈节目,
5092235,16,转载曲艺精品,
5144674,16,魏乐桐,
5383121,16,歌曲,
5850907,16,顺联创客讲师培训中心第十二期四组74号模拟主持,
6056177,16,1,
6173539,16,戏曲,
7617382,16,我,
7863059,16,故事,
7902414,16,妈妈的戏曲,
8036385,16,锡剧,
8137587,16,Med,
9258443,16,戏曲,
10650993,16,御碑亭,
10667274,16,受禅台,
11022987,16,淮剧恩仇记,
11037280,16,扬剧十八双绣花鞋全剧,
11697169,16,马尔,
11726723,16,琴书雷宝童投亲,
11729017,16,越调诸葛亮系列申风梅,
11775784,16,川剧白蛇传,
11786639,16,宁海平调精选唱段,
3424322,16,喊麦练习v,
3602494,16,别听,
4281032,16,黄金客户,
4486551,16,古筝名曲,
4558775,16,淘宝新手开直通车可以吗推他她工作室收藏流量教你玩直通车,
4795265,16,古琴练习,
4831571,16,SeRkBoL,
4972769,16,课文21诺贝尔,
5294953,16,诗歌朗诵,
5339169,16,看看,
5356909,16,666666,
5398077,16,小语妈妈微课13317718809,
5444763,16,中券理财分享,
5462713,16,Yeti,
5589479,16,1,
5816801,16,个人记本,
5960149,16,诗歌,
5987864,16,现代诗词选读,
6507704,16,计镇华,
9744466,16,琴调唱腔专辑,
9744561,16,夏调唱腔专辑,
10306249,16,伟伟燕子,
10563923,16,乡村趣事,
10644314,16,失街亭空城计斩马谡,
10986027,16,王天宝下苏州,
11022780,16,淮剧牙痕记陈芳,
11037162,16,扬剧经典唱段伴奏,
11119856,16,现代戏眉户十里花香,
11332104,16,唱片经典柳琴戏泗州戏名家名段,
11392299,16,淮海戲現代戲儿女情全劇錄音,
11728630,16,化妆琴剧飞龙传第四部八虎探金陵,
11776743,16,高甲戏藏凤山,
12030022,16,婺剧辕门斩子,
12033450,16,丝弦合集2,
12083617,16,皮影戏马乾龙走国,
12084178,16,喀左皮影戏薛超征西,
12531476,16,代友发布,
4107717,16,怀旧,
4347714,16,虞美人,
4385622,16,梅派唱段,
4414808,16,学生作品,
5300288,16,秋天到,
5308332,16,哈哈哈,
7730401,16,女儿情,
7833286,16,张云天Max语音作业,
7894151,16,老唱片,
8091081,16,v吃挂号费,
10667771,16,楚宫恨,
10705657,16,锡剧沈佩华专辑,
11037268,16,扬剧玉蜻蜓游庵定情,
11328708,16,国学经典之元曲,
11475581,16,北风吹,
11776382,16,琼剧林攀桂,
12389332,16,评话包公,
12394338,16,淮安電臺戲曲廣播空中大舞臺,
3316762,16,欲望桃花,
3406180,16,比赛声音,
3535942,16,LH,
3583161,16,uuu,
3808416,16,琴书刘金定下南唐,
4519700,16,我的最爱纤纤曲水滨,
4531167,16,大西厢,
4614819,16,音乐之声,
4839216,16,FC大咖分享事业为爱加分,
5271202,16,英语,
5332203,16,课程,
5527483,16,高,
5641500,16,asd,
5791748,16,唐调吟诵,
5968769,16,闹闹的声音,
6374893,16,古诗文吟诵,
6948720,16,安蕊生耀,
7262386,16,微笑,
7576121,16,诗经,
7801677,16,女人男人最大的区别是什么,
7896353,16,京京调,
7930300,16,小古文,
8003859,16,测试,
8146648,16,U币v,
9415756,16,程派程砚秋讲座,
9946905,16,矛盾易解不易挑,
10041538,16,大好时光,
10667215,16,焚绵山,
10795616,16,LLL,
11034381,16,淮剧诺言韦锡锋陈芳主演,
11034649,16,淮剧三个媳妇活埋婆婆,
11034883,16,淮剧板桥应试,
11049920,16,婺剧折子戏合集,
12083581,16,皮影戏狸猫换太子,
12301047,16,柳琴戏拉魂腔醉审皇案,
12345990,16,凭兰菊表演专辑,
3357774,16,戏曲名段精选,
3922800,16,云影苍梧,
4215840,16,与ok月,
4350159,16,生活,
4732569,16,亲爱的翻译官,
6254887,16,1,
6277014,16,晨读对韵十三,
6524059,16,PHONEHOMEPERSEPHONE,
7045735,16,第27卷,
7409462,16,朗读,
8825085,16,阿飞的专辑,
9564877,16,燕守平京胡曲牌演奏,
10645938,16,杨家将,
10704053,16,有你就有戏,
11776753,16,高甲戏春草闯堂,
11864823,16,淮海戲傳統戲三拜堂全劇錄音,
11869163,16,淮剧孟丽君全剧,
3705505,16,桃花雇,
3834839,16,归家,
3961937,16,Q,
4002158,16,娱乐,
4219760,16,乱插嘴,
4251318,16,老生,
4693742,16,原来你还在这里,
4757126,16,第四篇父母道,
4783604,16,吾悦教程,
4815345,16,琴,
4863634,16,学戏曲,
4965202,16,额,
5009405,16,钱塘湖春行,
5209167,16,测试测试测试测试,
5808213,16,二进宫,
5975747,16,cccc,
6542716,16,ZF,
6683560,16,hahaha,
6711924,16,给孩子录故事,
6926716,16,郭老师,
7239818,16,四明南词,
7661614,16,白老师,
8106884,16,母亲节特别分享,
11022834,16,淮剧秦香莲,
11022951,16,淮剧莲花庵,
11224050,16,小王的金曲库,
11620184,16,2014兰心金秋会书,
11809511,16,绝版录音东路梆子山东沤,
12313487,16,扬剧弃官寻母,
3581278,16,古琴,
3617033,16,刘桂存,
3894645,16,么么哒,
4252913,16,申凤梅,
4301259,16,少先队活动,
4371641,16,Dt,
4533969,16,戏曲,
4795108,16,咦,
4854024,16,练手,
5219948,16,刘墉下南京,
5895068,16,大鸦和蛇张小宇,
5903440,16,国学,
5925878,16,天津公司培训,
6030835,16,玩,
6501619,16,刘承俊,
6874375,16,演讲,
6975281,16,诗经,
7074164,16,人文历史,
7812851,16,中空间站,
8458887,16,牛津树,
9125875,16,笑话,
10076591,16,常听唱段1,
10607745,16,文哥韦姐姐,
10646350,16,定军山阳平关,
10646507,16,法门寺,
10667587,16,生死恨,
11022690,16,淮剧经典,
11049946,16,川剧赏析,
11697079,16,眉户鳏夫哭坟张新尚,
11727769,16,扬琴戏张廷秀私访,
11776832,16,茂腔经典,
11776877,16,茂腔经典合集,
12083452,16,岳阳花鼓戏蔡坤山耕田,
12084234,16,唐山皮影戏五峰会,
2539631,16,清清蓝蓝的天空Vm的默认专辑私密,
3645694,16,音乐竖笛,
3677760,16,扬帆远航的花脸,
4534898,16,8081界高中同学聊天会,
4810386,16,Mamee,
5475840,16,斯于,
6061668,16,测试,
7127289,16,记住一定要关注我,
7585119,16,富爸爸21世纪的生意,
7880604,16,每日一读,
8093542,16,语文,
8601727,16,后悔的刺猬,
8659415,16,许弋,
9565569,16,第二十七届中国戏剧梅花奖获得者张艳萍,
10927173,16,一起聊生物,
11038037,16,川剧,
11119843,16,现代戏眉户迟开的玫瑰,
11189341,16,戏剧考点,
11332199,16,草房子,
11710060,16,曲剧刘全进瓜郭遂朝,
12065989,16,芗剧薛刚反唐,
12084172,16,陕西华县皮影戏,
3948479,16,戏曲,
4266514,16,他也日体育,
4451684,16,城楼观山,
4635020,16,Lajiaozuihuola,
4692388,16,ergeqjia,
5305264,16,公司和和你定期,
5412859,16,酷聊软件,
5637318,16,白局,
5982988,16,青领吟诵,
6083178,16,老生,
8293191,16,配音练习,
9493897,16,啊啊啊,
10637031,16,汾河湾,
11037092,16,锡剧珍珠塔,
11522160,16,1981朱雪琴薛惠君珍珠塔唱段集,
11729026,16,越调王宝钏,
12083571,16,歌仔戏狸猫换太子杨丽花,
2959222,16,火烧红莲寺,
3596847,16,民俗,
4011082,16,歌谣,
4015277,16,戏曲大观园,
4262121,16,亮剑,
4414273,16,淘宝刷流量真实的流量推他她工作室,
4887061,16,曲艺,
5095836,16,心香2,
5117591,16,1212121,
5376130,16,哈,
5437202,16,HiyKeElictroHouse,
5631655,16,牛郎织女,
5979173,16,为什么说太阳是个六火球,
6152166,16,识字7,
6380652,16,哦,
7898561,16,刚刚给方法过,
7957775,16,要下雨了,
8127890,16,复习绘本,
10585865,16,练练练练练琴,
10644462,16,沙桥饯别,
10648022,16,张松献地图献西川,
11022895,16,淮剧恩娶以嫁,
11049874,16,莆仙戏全本合集,
11437873,16,闽剧包公嫁女,
11689277,16,游诗戏词,
12065351,16,河洛歌仔戏春草闯堂,
12083465,16,湖南花鼓戏封神榜,
12083512,16,湘剧,
12137361,16,1217历史课,
3567192,16,A,
3607348,16,杨洋录音,
3793058,16,静姐,
4165869,16,梅葆玖先生唱段,
4244293,16,社,
4580209,16,1,
4627444,16,讲话,
4666522,16,大爱无言,
4678242,16,标准项目,
5014035,16,六十六头牛,
5797576,16,我,
5939219,16,为救师父勇闯马无底洞杜杜杜,
6037550,16,自己玩,
6055073,16,一泽的拇指姑娘,
6469934,16,一,
6558108,16,多米宝宝唱国粹,
6732127,16,风流才子,
6759137,16,靡靡之音,
6760661,16,哼哼,
6867343,16,轻松一下,
7200363,16,语文书上的诗词,
7307300,16,戏曲艺术理论,
7379158,16,YH,
7777283,16,嘻嘻,
8448056,16,试验,
9236632,16,4,
9414512,16,喜爱的,
9503755,16,晚安喵,
9744627,16,沈调唱腔专辑,
10012390,16,歌曲合集,
10117132,16,思戏悟人生,
10648965,16,南天门,
10689324,16,西施教学录音,
11022718,16,淮剧名家经典,
11022862,16,淮剧呆子驸马,
11034818,16,淮剧皇后易嫁,
11049687,16,梨园戏,
11572143,16,NY卧龍客,
11889629,16,戏曲主题曲集,
3492082,16,好听,
3512915,16,音乐,
3633255,16,1于彬,
3669767,16,良辰美景奈何天,
4446174,16,屈原,
4486301,16,犇犇,
4784902,16,test,
5405503,16,绘本,
5750460,16,自我介绍,
6225220,16,节目演出,
6317722,16,新概念2,
6508441,16,拉拉拉拉咖,
6669045,16,呵呵,
7014381,16,艺人苟伟志七雨美,
7082564,16,黑甜甜,
7905248,16,家婆,
7959725,16,太阳八兄弟,
8196711,16,尹派,
8596936,16,美文诗歌,
8876923,16,歌曲,
10667463,16,洗浮山,
10704578,16,gg,
11034653,16,淮剧苦命小寡妇,
11037103,16,锡剧全本戏,
11076443,16,自相矛盾,
11811106,16,甬剧情景系列剧药行街,
12065977,16,潮剧罗衫奇案,
12301225,16,扬剧欣赏扬剧全场戏扬剧全集,
4039292,16,时光,
4146838,16,KaLg123,
4513117,16,淘宝怎么看竞争对手销量推他她工作室真实的流量提升销量,
4685354,16,相约一三五,
4802020,16,霞,
5105713,16,河南经典戏曲,
5831667,16,我的第一套自然拼读故事书,
5831778,16,会了,
6109892,16,戏剧,
7163491,16,ff,
7475430,16,我是孙德煜,
7757279,16,一一千个人一千个做安利的理由,
9745092,16,祥调唱腔专辑,
10304998,16,个人收藏,
11037089,16,锡剧双珠凤电影版,
11644115,16,铜色的云,
11725687,16,柳琴戏拉魂腔肘鼓子名家名段,
11728645,16,化妆琴剧飞龙传第二部火堂寨杨滚出兵,
11800953,16,吟诵,
11820322,16,杭州说唱小热昏,
12326581,16,淮剧伴奏,
4047437,16,相声世界,
4342646,16,地方艺术欣赏,
4757573,16,无,
5718092,16,besties,
6787517,16,父子与驴,
7052055,16,是,
7856147,16,闽剧捡茶记又名鸦片记,
9701647,16,潮州民俗丧事,
9738264,16,香香调唱腔专辑,
10131895,16,我的秘密,
10645768,16,逍遥津,
10647326,16,蓝天久久,
10656487,16,檀板弦歌,
10725299,16,胡瑞华,
11034375,16,淮剧爱情的审判,
11037150,16,扬剧经典唱段合集,
11037395,16,湖南花鼓戏珍珠衫,
11592052,16,淮海戲現代戲豆腐宴全劇錄音,
11728016,16,琴书梅花传,
11728595,16,化妆琴剧海瑞赶考上,
12033264,16,宛梆合集,
12578389,16,一九八四年淮海戏演员广播演唱会,
3486774,16,相声,
3663205,16,杂烩拾掇,
3987756,16,吧台,
4193963,16,戏曲,
4681733,16,九龙壁,
4866492,16,古诗文,
4870507,16,好人,
5201354,16,龙雨,
5563918,16,哈哈哈,
6430225,16,加减乘除,
6836000,16,12,
6934190,16,即兴演讲,
7158011,16,乡愁,
8304428,16,戏曲,
8399028,16,东一路小学四年级上王艺儒,
9719022,16,京韵天地,
9729292,16,字词,
10648769,16,战濮阳辕门射戟,
10681563,16,安康花鼓子,
11034800,16,淮剧麻将泪,
12503480,16,话剧舞台语言教材,
3478824,16,原创现代诗,
3654783,16,个人喜爱歌曲,
4026743,16,曲藝,
4145535,16,大梓人家,
4353842,16,音乐,
5237911,16,陆派许杰,
5598836,16,111,
5936255,16,艺术概论戏曲,
5956435,16,新品聊聊,
6191645,16,啦啦啦啦,
6405198,16,恶搞,
6466651,16,试用版,
6622307,16,配音,
6636789,16,0xp453f5f,
9452882,16,张伟个人专辑,
9641271,16,陈三两爬堂,
10635941,16,打严嵩,
10644161,16,伍子胥鼎盛春秋,
10656408,16,皮黄小试,
11881886,16,锡剧玉蜻蜓全剧全剧全场戏,
12301062,16,戏曲唱词,
3711810,16,gjfygf,
4528182,16,试音,
4602939,16,施夏明,
4834763,16,诗歌,
5099083,16,你好,
5121469,16,刘亚洲六年级上册Unit5单词,
5171526,16,古诗,
5206680,16,喜马拉雅,
6071444,16,咿咿呀呀,
6082436,16,毛泽东诗词,
6954995,16,十万个为什么,
7158859,16,恋爱的犀牛,
7518547,16,test,
8178822,16,今天我想慢吞吞,
9164166,16,元曲选,
10645837,16,桑园寄子黑水国,
11022842,16,淮剧丁黄氏,
11022943,16,淮剧白孝郎,
11037097,16,锡剧玉蜻蜓,
11809292,16,北路梆子上路戏,
11871346,16,淮剧玉杯缘,
3983008,16,各种歌舞,
4075463,16,茶楼戏台,
4884015,16,默,
4979937,16,EmilyhI,
5871072,16,戏曲,
6700548,16,春歌上宫调,
9189679,16,泥巴石人木头,
9446412,16,长刀大弓,
10636806,16,断臂说书,
10833461,16,马嘉晨的专辑,
11034588,16,淮剧杀子判,
11034631,16,淮剧合同记,
11062568,16,好稍等,
11870116,16,淮剧诺言陈芳,
11881633,16,锡剧98名家名段全场高清选段,
3271404,16,看看有打赏的没音频上传测试,
3983828,16,残荷唱段第一辑,
4508583,16,柾国,
5099628,16,欢迎收听,
5371120,16,假如有一天,
6417819,16,空城计,
7470638,16,范一一的播客,
7514431,16,午饭,
7567317,16,我的世界,
7946115,16,何其有幸遇见你,
8083130,16,大鲸鱼在海边,
8661547,16,懒熊买瓜,
9000898,16,戏曲百家,
9727868,16,鬼,
10053463,16,锡剧徐伟芳,
10932663,16,第二章简快35条,
11034368,16,淮剧福寿图,
11476198,16,十一月绘本跟读,
11727509,16,扬琴戏小罗锅,
12296270,16,歌仔戏曲调之古诗词,
12303444,16,快板,
1996717,16,二叔,
3761337,16,ggg,
4624967,16,琴书包公放粮,
4720958,16,轧讪糊,
4817509,16,清心静意,
4921107,16,思维导图,
5206530,16,小哈,
5319825,16,活法,
5673291,16,熙熙,
5726576,16,王均灏,
5831779,16,会了,
6173532,16,读书,
6702532,16,赵,
6966397,16,试读章节,
8015387,16,股票技术,
8619653,16,戏曲,
9093052,16,练习,
9778915,16,湖南花鼓戏精选,
10648920,16,玉堂春,
10689932,16,罗庆辉美丽,
11034361,16,淮剧九件衣,
11105720,16,茂腔名家孙红菊专辑,
11728599,16,化妆琴剧飞龙传第八部赵匡胤登基,
11776823,16,茂腔经典选段,
11902911,16,琼剧林攀桂与杨桂英海南戏98,
12065300,16,湖南花鼓戏春草闯堂,
12112278,16,晚课复食篇杨蒙蒙,
12298648,16,曲剧名家名段曲剧全集曲剧大全,
3814486,16,相声纯单人讲述,
4345610,16,山东省济南市历城区,
4632235,16,霍尊,
4779816,16,山东梆子,
4832798,16,abvf,
4920633,16,有声阅读,
5267278,16,七彩戏剧,
5466829,16,转播专辑,
5533010,16,20161015,
5669275,16,白头偕老,
6269675,16,戏曲,
6906287,16,我是花花我是泡泡我是毛毛,
7882629,16,茅大大,
8014987,16,专辑名称9,
9688452,16,路小漠与思路秘境大百科,
10637272,16,摘缨会,
10695727,16,竹板书,
11034662,16,淮剧雷打忤逆子,
11090208,16,白凤鸣,
11226151,16,歌曲,
11324867,16,绕口令,
11714725,16,碧月芝韵季静娟个人专场,
11723915,16,曲剧陈三两胡希华,
12066008,16,歌仔戏薛刚反唐杨丽花,
12150354,16,民间小调沂蒙扬州小调988,
12327228,16,福建闽剧捡茶记,
3514225,16,Vcg,
3909530,16,刘洪元,
4032482,16,BachsPianoSoundTrack巴赫钢琴,
4067337,16,戏曲,
4137355,16,原创,
4501195,16,戏剧,
5020902,16,抒情,
5143343,16,转采精华,
5284123,16,吟诵,
6321354,16,1,
6710351,16,古诗,
6787518,16,父子与驴,
6953731,16,妮妮宝贝,
7023439,16,11,
7115291,16,313,
7781569,16,小马唱戏,
7810358,16,古诗朗诵,
8896645,16,牛津树,
10636618,16,牧羊圈,
11178503,16,柯南,
11185874,16,唱腔赏析泗州戏名家李宝琴唱腔专辑,
11727776,16,扬琴戏十二寡妇征西,
11775800,16,川剧珍珠衫,
11846355,16,爱我所爱,
12065983,16,婺剧白罗衫,
12374899,16,苏北民间小调集锦第二辑,
4223412,16,第一次录音,
4474423,16,好听音乐,
4691826,16,呵呵,
5147223,16,绍兴小热昏,
5532303,16,瞎嚎,
5983935,16,愚公移山,
6424190,16,朗诵,
6579397,16,偷吃人参果,
7244032,16,我为少男少女们歌唱,
8284120,16,爸爸,
8285714,16,宝玉,
9744444,16,丽调唱腔专辑,
10644334,16,阅读录音作业,
10650906,16,十老安刘淮河营监酒令盗宗卷,
10860308,16,老词与片段,
11021612,16,淮剧经典唱段合集,
11034578,16,淮剧打金枝,
11725712,16,沭阳淮海戏名家名段,
11776546,16,高甲戏经典合集,
11776595,16,高甲戏大全,
11776768,16,高甲戏三太子传奇,
11901814,16,琼剧爱河醋海海南戏琼州剧,
11902646,16,琼剧荆钗记海南戏琼州剧,
12272572,16,碗碗腔张建琴,
4549427,16,美丽的心情,
5215839,16,才加,
5514553,16,分享课,
5859971,16,你们,
6153321,16,五年级美术,
6164931,16,俗世奇人张大力402,
6480096,16,我,
6715973,16,宝宝录制,
6860316,16,说逗儿,
8164619,16,彩色的梦,
8424937,16,肥班讲故事,
9754229,16,陈调唱腔专辑,
10194743,16,挖好坑自己跳,
10644384,16,铁弓缘,
11034675,16,淮剧济公传,
11359958,16,淮海戏六十年代老唱片录音,
11437985,16,闽剧贬官记,
11776892,16,茂腔西厢记,
11859038,16,河洛精致歌仔戏,
12065329,16,莆仙戏春草闯堂,
12327006,16,福建闽剧八美楼,
12327295,16,福建闽剧潘金莲,
4086199,16,这是一种相思,
4435482,16,ukiyu,
4917809,16,钢琴,
5412489,16,1,
6099919,16,安晋辉绕口令,
6387903,16,损失费对我说,
6813176,16,戏曲经典,
6844289,16,kurwan,
6931331,16,上党梆子张爱珍,
7167032,16,学习,
7920553,16,戏曲,
8015770,16,1,
8607638,16,板凳与扁担,
8710840,16,戏曲,
9381162,16,曲,
10041505,16,胡歌朗诵,
10636485,16,洪羊洞,
10646671,16,三娘教子,
10951323,16,梨园梦好为君白头,
11022704,16,淮剧白蛇传陈丽娜,
11185448,16,拉魂腔大舞台之泗州戏经典唱腔,
11611583,16,中國淮海戲優質伴奏音樂欣賞,
11662584,16,江苏剧种淮海戏唱腔新作品专辑,
11726732,16,琴书陈三两爬堂,
11727816,16,扬琴戏金枪大北宋,
11728605,16,化妆琴剧飞龙传第七部众女将大战北国,
12033339,16,二夹弦少国公,
12492469,16,新編淮海戲皮秀英全劇錄音,
4204658,16,筝,
4499285,16,直通车怎么低价引流推他她工作室真实的流量高性价比,
4540922,16,哈哈哈,
5393813,16,美妙钢琴曲,
5470530,16,1,
5819134,16,歌曲欣赏,
5996744,16,天天健康,
6124937,16,牛壁卡拉石之歌,
6175532,16,陈友勇用一生看安利,
6629704,16,音乐,
6959800,16,懂你何需语言,
7556925,16,Fxvgfcn,
7609138,16,戴维娜诗两首,
7616293,16,古筝,
7905261,16,家公,
8123715,16,咦啊,
10568797,16,庞顺中先生三弦演奏,
11034623,16,淮剧蔡金莲告状,
11475742,16,森林波尔卡,
11582865,16,吉他,
4124239,16,戏曲,
5003147,16,超稀饭的声音,
5159583,16,睡不着,
5508300,16,159专辑,
6561874,16,呵呵哒,
6920961,16,安蕊女神,
7036695,16,私人心情,
7344939,16,航航娱乐,
7561668,16,欧阳邑乔,
9745040,16,翔调唱腔专辑,
10647099,16,将相和,
10650920,16,贺后骂殿,
10876238,16,华夏学宫,
11027037,16,绕口令训练,
11528167,16,星岛的夜,
11703212,16,培训,
11728855,16,化妆琴剧王天宝下苏州,
11761105,16,风的梦,
11775582,16,月老,
11776396,16,琼剧经典选段合集,
12073659,16,虫儿飞让我们荡起双桨,
12083477,16,岳阳花鼓戏卖妙郎,
12235241,16,162,
4166953,16,1,
4384755,16,快速安全打造爆款最新方法推他她真实的流量,
4414213,16,2016直通车怎么开提升质量得分推他她真实访客,
4987049,16,克明录音,
5267277,16,七彩戏剧,
5539728,16,古诗,
5735447,16,伞头秧歌,
6243704,16,墙书,
6684910,16,儿童二级钢琴曲,
7244062,16,朗诵,
7313358,16,韩国广告,
7527694,16,春江花月夜,
7696927,16,莹杰,
7758348,16,老生唱段,
7818926,16,美人,
8292214,16,test,
9639818,16,曹操移驾许都,
10123814,16,戏曲,
10350187,16,修道,
10645464,16,打金砖上天台,
11022774,16,淮剧腊月雷,
11776863,16,茂腔观灯,
12033764,16,上党落子红灯记,
12316440,16,扬剧伴奏,
3760015,16,小曲,
3779120,16,黎花颂,
4098545,16,父亲的生活,
4539911,16,京东618推他她工作室提升店铺排名流量,
4770819,16,一个陌生女人的来信,
4935861,16,四次经营会议,
5435486,16,戏曲,
5479572,16,陶冶情操,
7102347,16,演员自我修养,
9744941,16,李仲康调唱腔专辑,
10592096,16,林宗禔夜深沉,
11022797,16,淮剧全剧欣赏,
11022828,16,淮剧白虎堂,
11034822,16,淮剧寒窑记,
11034922,16,淮剧三拜堂,
12083612,16,唐山皮影戏珠宝钗,
12084183,16,环县道情皮影戏,
12118878,16,清秋的诗,
12214201,16,2018安微民间小调民间小调全集,
12554149,16,江流,
